IP, Number of bytes, Country, Username
123.41.25.124, 148, Germany, atoj5oh2
111.40.90.218, 662, UK, a3e06rvf
53.31.19.177, 590, India, z02cniqt
169.58.208.148, 417, India, x6x8c5v0
233.75.221.144, 159, Ukraine, aelw7v5h
186.115.227.202, 699, Ukraine, pb37on21
153.133.246.200, 369, India, 43rafcsh
203.23.216.48, 101, India, z355re55
49.54.175.151, 451, India, zc1bjhtc
110.204.225.179, 478, France, rnd8xer7
127.234.132.121, 727, Japan, dkwf4gnj
168.143.109.201, 765, Ukraine, dox3450l
144.17.162.192, 77, India, n2k21zss
129.177.227.130, 596, Poland, 251ime7j
47.17.194.255, 832, Japan, y2ubvh8t
64.29.185.161, 208, UK, ctu2mdh7
97.100.15.239, 227, Germany, qjr0rcbz
113.221.236.248, 359, Germany, nxjlnls6
212.59.154.75, 117, Ukraine, fsgtt0wp
252.133.56.62, 100, India, 7q691zh4
93.101.16.58, 856, USA, drkpzl4m
74.20.212.43, 942, Ukraine, tz1e4pgr
81.155.89.189, 625, Australia, xvwwijvu
62.5.43.93, 331, Japan, kbpvk7al
171.108.210.191, 917, Poland, s6oru3r6
224.69.125.62, 933, UK, gdv4qqy6
160.34.200.101, 585, Poland, mpt0zku4
222.24.234.233, 926, France, pa5nul5t
185.201.157.95, 318, Poland, 4ge7wpx9
109.7.136.56, 41, USA, 8xcpqk3l
116.2.156.200, 630, Germany, f3qqm1lo
136.192.114.75, 515, Poland, ln6pulil
51.200.209.18, 924, USA, 6wnt802h
210.106.114.170, 778, Germany, qcxcvunl
163.71.13.245, 221, UK, f4owuvis
121.157.144.254, 871, Japan, jsasq65j
153.191.14.143, 637, Germany, eazvtm18
98.121.201.14, 542, France, 5biray1e
136.174.12.246, 52, Ukraine, t9fs02pc
36.110.86.48, 991, USA, 7rwckjmq
91.86.161.91, 752, France, i9cspjau
86.219.222.71, 114, UK, 8r2bbf6d
221.65.63.105, 996, France, vq9dfg3m
143.165.145.49, 773, UK, s6ibrjj1
163.137.124.157, 956, Australia, joz1r7vx
193.3.131.245, 69, France, 5wsexvh4
53.213.133.107, 581, Germany, 93ur49b9
113.90.176.58, 115, Japan, km1dsv96
93.88.83.84, 833, UK, 7r1xiui3
130.195.193.127, 559, India, 0ma8prdg
209.171.28.250, 736, USA, ixnrds2v
250.152.134.116, 677, France, vzz80xub
121.181.191.62, 218, UK, aosex6vs
17.241.96.188, 814, France, 51ryru3h
43.116.5.102, 436, UK, 4rvq9jlz
142.54.38.46, 915, UK, ustljhmz
78.204.118.227, 733, UK, 12ps9w7u
41.30.8.9, 816, Australia, 7wlafiu1
100.41.44.255, 855, Ukraine, cpajgncb
119.148.11.108, 651, USA, hsf5au4l
71.193.79.253, 709, UK, 76g2wkd3
78.254.37.110, 110, Japan, a44d3pzk
240.183.198.145, 116, USA, a3esnqq9
237.243.47.54, 686, USA, c1otry1m
204.105.213.194, 205, India, 2qaklvbi
9.185.62.197, 338, India, bi71demu
139.215.188.244, 927, UK, kigk4zxw
52.72.76.158, 116, UK, 65w0ailq
176.10.203.177, 899, Germany, 4x2efdhv
52.159.55.126, 186, USA, 6w8yar3k
248.224.219.129, 105, Ukraine, gf3myn0k
181.131.161.84, 300, Poland, lp7m3f50
180.100.83.169, 524, Canada, w6rpswl6
207.83.203.227, 818, Poland, 9fnnn53b
50.72.121.78, 925, UK, 9k3log97
220.121.219.29, 1000, France, 915olkuk
35.125.173.187, 904, France, t2qcetby
242.69.81.27, 771, India, 08gx6dvr
240.240.7.246, 945, Japan, tsun4le0
42.219.38.121, 931, UK, nu7duhc5
39.16.87.141, 585, India, vicjdnv4
213.51.75.226, 482, Australia, fpqxnsst
151.168.147.103, 59, UK, dxjardta
68.26.102.98, 273, India, eceozsx7
38.212.72.157, 287, USA, jw1lasdj
220.109.124.64, 651, Poland, 03hgdsfr
34.7.21.99, 235, Germany, ji8d2enx
98.105.98.11, 483, Australia, 6nusjkev
35.30.2.108, 244, Canada, hjl75myr
103.216.49.70, 762, Poland, j0eyatzb
202.234.2.133, 519, Germany, hx5mx6pu
28.222.195.253, 930, Australia, 3ipnarlz
79.42.227.166, 764, India, wymcu4gn
228.151.193.104, 596, Canada, gjc0hhb9
2.138.240.31, 899, Ukraine, f8e12p4y
163.234.155.241, 980, India, 1qpxm28f
248.146.80.57, 826, France, sfknzhsp
4.67.73.171, 654, UK, h1c7z8mh
180.73.91.3, 682, Japan, tn8fl2ix
17.253.213.21, 203, India, suvqjl7i
176.218.94.97, 519, India, 6ffnbenh
188.55.133.231, 441, Ukraine, btx4dusj
68.149.184.40, 778, Australia, daqp11tz
60.106.158.247, 875, Germany, dthq6leb
250.75.177.221, 94, Germany, i4sjx87v
1.101.159.2, 548, Ukraine, t514mvlj
133.74.46.100, 888, India, v2yl4e9g
253.218.153.15, 922, Germany, dfgjn9ai
109.27.155.93, 272, USA, x8g5ax92
77.185.92.106, 354, Japan, dqdnm7t2
80.119.15.185, 317, Poland, g4xsad35
60.76.84.235, 810, Germany, iy2p8acp
116.90.137.228, 466, Ukraine, 7n7l07jn
200.157.127.109, 782, Canada, vea20xwo
173.233.149.138, 27, UK, v2nmub7a
85.196.91.37, 827, Australia, 7a44lt57
199.11.50.36, 923, Germany, f0qwoum4
99.204.25.203, 130, Germany, bp54z5by
243.150.238.38, 183, France, 5158bhsu
34.177.11.129, 271, USA, 1gvzce2k
242.130.36.147, 1, Australia, c4mbzlxx
235.23.81.196, 522, Poland, p46yn813
218.127.167.18, 872, India, 2lelwndv
42.212.25.26, 421, Poland, qb9a39nz
148.12.211.106, 486, Canada, 19crpdbs
22.157.190.108, 777, Ukraine, 1xjeljac
166.185.198.132, 501, India, d3bh68sv
146.55.233.109, 52, Germany, zkc3mhk1
41.89.51.104, 940, India, ax1hszwm
166.90.198.34, 427, India, 5mg6zz6u
214.225.245.8, 610, India, 3kqd79xz
249.48.196.134, 230, Canada, 1qhfdvkn
115.69.130.117, 370, UK, wqm7tyhz
63.159.98.22, 48, Ukraine, siquemrh
188.221.234.44, 833, USA, vcvbdwsq
21.176.199.11, 412, Canada, nj4lgm0g
160.33.220.110, 764, India, 3vdno8xa
82.123.201.147, 443, Poland, y7uf53ea
36.206.177.248, 825, Australia, 3londc6z
83.70.129.71, 673, France, nkbpotcp
210.53.214.171, 447, Germany, q3dhwry6
75.160.97.237, 652, Germany, z5nj7qm0
143.82.95.197, 752, UK, 500f4yy5
35.79.225.105, 923, Germany, sdmwak16
165.148.139.146, 306, Germany, fqv2xs8i
115.214.116.28, 137, Japan, r1jz41rz
207.17.220.158, 38, UK, g56gye3f
36.70.17.92, 386, Australia, 5y4pnscc
41.145.114.166, 745, USA, jlic2k5t
254.132.105.111, 868, Ukraine, 3el09zef
188.168.192.115, 326, Japan, osebbvt6
26.36.86.216, 28, USA, gl8xm9nf
168.43.107.232, 65, France, 2m0r31cs
39.177.138.164, 372, USA, 796bbrsh
31.24.124.175, 732, Japan, mfiyq1ho
170.236.75.69, 409, Poland, q5d2vs4o
243.85.130.171, 666, India, gmd4pqq8
63.128.212.16, 554, Japan, p02p7p5f
73.244.6.75, 849, USA, b70eipcl
122.217.119.61, 823, Japan, ibpt8l0c
51.227.142.245, 888, India, qhs0v9rq
93.132.72.254, 813, Germany, 3bvi1irb
63.222.73.252, 295, Poland, lk7vdhpe
22.191.241.94, 643, India, qwhqan7w
89.86.244.152, 409, Poland, 3zeqaim0
215.63.150.249, 447, Canada, l606oa0y
138.39.190.237, 186, Poland, z2fr6vqz
61.40.181.85, 339, India, x60anf3e
200.197.61.196, 496, France, ulfpxykx
179.24.242.228, 215, UK, ts99kg8q
203.131.58.69, 518, Australia, 8d9ptii8
109.124.75.230, 787, Ukraine, a92x9wgi
28.163.150.255, 296, Poland, gbfpcyf0
108.65.119.134, 705, India, 8jj9c5ke
130.1.180.80, 498, Germany, gv1r696q
151.51.6.248, 519, Japan, 82xpusry
239.216.53.53, 178, USA, b9ebwmms
229.168.78.16, 575, Japan, 1t2enrwo
23.110.71.158, 654, Ukraine, s4r72esw
153.165.213.211, 928, Germany, 601tro4q
200.219.101.249, 573, UK, 3ja2zj5c
117.129.227.246, 592, Australia, qoq4uo2r
166.52.111.149, 332, Ukraine, 1e9jcx7t
135.92.225.119, 157, India, v5yjq8uv
164.246.230.59, 405, Ukraine, fit7bpfg
142.81.52.174, 397, Ukraine, 5rvinf9e
251.240.176.204, 718, UK, jebbzty9
94.95.133.4, 222, Canada, 1s0p209c
98.113.217.22, 818, India, f4yltylx
179.160.161.218, 909, Germany, le21z8jk
227.23.207.150, 648, France, 4lcdvtyq
186.106.231.178, 507, Ukraine, 0i3xk02n
134.38.114.147, 647, UK, zvfan1jv
1.55.152.241, 698, Ukraine, vnvv13sb
117.223.244.209, 292, India, p8fagckj
134.19.84.25, 91, Japan, btm9710f
8.231.75.36, 50, Australia, kr176i0c
65.207.158.44, 175, Germany, elz6cjg5
97.20.230.242, 396, France, hspsnsc0
23.91.59.109, 525, Canada, a2gy853n
213.35.116.99, 116, Germany, cxuyxup8
235.152.8.48, 405, Japan, 7i4n2fb7
228.4.4.222, 236, France, ev1smgei
14.188.175.195, 753, USA, c1bgth5m
214.185.60.251, 135, India, q08vwb8u
234.238.205.62, 812, Canada, 3wafmf4y
14.91.203.165, 539, Germany, stvz963s
225.11.201.193, 274, Poland, u4x2taoj
180.238.39.185, 897, UK, veubdhzh
250.140.30.107, 124, France, ddtftaho
91.131.198.237, 288, USA, d0r9yq7g
219.9.17.122, 785, Japan, 1qcp8t2z
62.19.208.24, 370, Germany, unkj16jv
54.93.222.97, 725, Australia, gpew4c0m
7.27.251.72, 44, India, h8lbwusc
33.238.19.126, 130, France, qgsvwyer
187.110.210.110, 807, France, qtzzmrww
53.74.198.20, 990, UK, 0glnbz5z
178.138.96.132, 995, France, 120nt2xu
237.121.80.32, 267, UK, dmgo9kod
67.184.62.6, 876, Poland, tum47sz1
93.17.56.130, 225, Canada, p19vuuvu
110.55.41.224, 615, Poland, up9oqumk
169.206.3.7, 523, Japan, pj4xxcy8
91.6.181.101, 708, Poland, v8w1xp0w
77.236.251.130, 551, Poland, m6f86wmy
9.166.132.164, 302, UK, ymb9kpal
225.236.116.61, 679, UK, mee91hts
133.109.211.70, 252, Canada, w4md8u0z
252.238.60.39, 528, UK, s5yg495l
222.238.170.112, 711, Japan, 7snsxgau
99.175.4.229, 930, Japan, fxb8grlt
15.5.120.219, 842, Germany, exswccs8
243.114.199.229, 193, USA, nd097vnm
216.60.58.205, 869, France, 3vezea4j
224.142.183.76, 811, Germany, lx8ok4qj
46.208.59.239, 290, Australia, t33rxxsy
77.27.81.22, 967, Germany, x407cref
163.194.24.73, 752, Ukraine, sjbz5v7u
107.228.206.64, 97, France, xqnbhjjx
151.49.205.78, 265, Ukraine, a0m4a091
93.171.107.17, 202, Poland, 53nhpc0y
241.112.142.73, 128, France, 6gk86b03
253.176.17.66, 596, Ukraine, fjfyqotm
240.104.50.220, 223, USA, augvoyly
48.54.1.29, 495, Ukraine, 99bcf1f3
126.49.251.14, 565, Australia, 768518sm
215.144.128.196, 96, Japan, uwqrzumg
66.194.142.225, 329, France, x4qnrlhe
55.2.62.194, 343, Canada, uollay0i
153.153.39.72, 219, Germany, up21ens7
69.244.85.80, 542, USA, ubptzflg
78.32.126.214, 954, Japan, iajzcdte
244.209.33.14, 374, Japan, u7nmlecx
228.164.88.19, 773, Australia, 9nruet4b
9.61.146.12, 399, Japan, 9ko2kx7z
17.222.213.21, 472, Canada, 1ahl3gkk
218.206.64.152, 392, Japan, uvr094nx
199.9.166.12, 997, Germany, skzjxgjy
146.87.211.133, 604, France, p0mxf1w4
122.46.65.13, 901, Australia, cr7oi70d
45.192.197.117, 421, Australia, fjvkoca5
100.70.238.100, 120, Ukraine, 1fayhdo1
141.107.182.29, 848, Japan, wn425j6x
169.42.159.154, 823, Australia, xtwqkoua
254.150.113.196, 348, Australia, w09dies5
232.217.250.133, 1000, France, 4n8lr0nd
105.156.237.1, 284, Australia, z2u2cijr
214.230.76.12, 628, UK, u4m0x56n
104.166.158.215, 941, Poland, bp9uxr42
225.104.123.130, 82, Japan, 9817ypcf
58.76.106.170, 444, Canada, z89mdjni
27.42.118.103, 943, Japan, hhugffmx
86.153.42.91, 661, UK, n5is81pq
50.140.107.244, 812, France, ttit56ds
24.8.83.209, 340, India, tbcf1vtt
254.205.19.237, 344, Germany, sz7ltdp9
85.124.49.90, 879, Poland, wvgh2pf6
64.29.109.146, 169, Germany, 8f2djnah
85.193.216.45, 4, Ukraine, g4mg0fo2
70.196.122.74, 215, Canada, ef2fcj2q
171.16.132.105, 38, Japan, 2qrpuapy
130.220.147.93, 784, Canada, sxcs63zp
2.252.72.16, 909, Canada, 4699u4h3
142.121.239.111, 905, Japan, zan4nze7
190.49.240.253, 348, Australia, g5kp3xlu
155.221.180.161, 864, Poland, 0594qcko
253.61.83.3, 90, Japan, qt700h2k
167.15.136.205, 684, India, 15cbhdjj
115.128.255.92, 237, India, 04kegfec
191.203.68.75, 239, Canada, qhv9voqs
31.17.71.65, 444, Canada, 1kns95n9
250.92.149.53, 312, Ukraine, sjy7cbc6
121.58.151.12, 139, Ukraine, 5zd5d818
222.4.235.212, 413, Germany, 0xd1k3jf
126.12.184.110, 846, Canada, 43iskns7
38.151.43.119, 113, Australia, d6dr6ala
120.176.119.233, 891, UK, 3gqns0y3
243.51.209.33, 107, India, rcav6tlw
214.224.135.130, 365, UK, h85nwd0j
2.224.120.156, 70, India, nui3j70o
111.2.238.60, 867, Germany, zf7l4grk
240.228.133.190, 791, France, o9z0jeav
41.241.170.183, 600, UK, krwut9g7
237.122.206.19, 251, Canada, qv675swz
37.22.232.53, 700, France, ic0fiqwc
23.153.25.161, 919, USA, uyyb21xg
59.194.88.10, 337, Canada, zng2sckg
11.222.249.61, 961, Australia, vp8jh4f8
47.107.136.164, 204, USA, vrkoo5zx
74.53.51.201, 24, France, 09lydqn4
101.119.9.88, 759, Australia, 6jusqqjg
211.233.240.83, 893, Poland, hb8aqa3n
243.60.132.62, 257, India, og8v5nyp
220.199.84.201, 697, UK, ge9o0cha
139.217.173.30, 33, Australia, bw5wyyyk
189.138.122.212, 845, USA, l7is1fdt
234.100.113.134, 45, Japan, 5ltws8k9
10.147.172.83, 774, Poland, hpgvopfg
41.25.23.163, 268, Canada, 208wtm1q
184.195.194.84, 106, Japan, 6kjamzmr
138.77.59.205, 735, France, h63h80yq
3.68.23.116, 171, France, 23izitwm
179.43.47.37, 888, India, k70vjr1r
178.115.154.192, 482, Australia, uxzd3ts7
184.146.112.200, 299, UK, cj1sra2a
180.85.47.2, 1000, France, q7anj3vg
211.126.64.224, 87, USA, gomgkxla
100.127.201.161, 361, USA, 4i3krqux
18.167.243.234, 795, USA, j9bmqpgd
39.122.25.132, 943, Canada, 4j8iiyx9
106.130.152.63, 588, Ukraine, 5aws4enq
15.75.146.56, 68, India, dfsukl2a
6.244.201.199, 355, Ukraine, lrlt9crp
5.27.147.71, 36, USA, 3nv4edy0
101.232.212.162, 815, India, bly2toeh
203.108.158.241, 797, Japan, i43gvsso
52.47.61.133, 545, Canada, h36zp42z
200.75.244.157, 48, Germany, 1idcc3p7
169.208.211.239, 926, Canada, 0henff3t
71.109.61.72, 57, France, uu0px6u7
182.42.177.17, 788, France, fkg3fo1y
52.244.2.209, 41, Germany, 3a8yge9y
206.44.121.247, 562, France, oruu2zqi
242.98.204.70, 115, Ukraine, p5tt9bss
128.33.76.90, 185, India, kijajl8s
97.254.87.44, 840, Canada, thdgh83u
208.171.217.162, 271, Germany, t1i8sd77
78.202.55.23, 776, Germany, q8rvoycz
204.25.242.182, 42, USA, bp720unv
238.31.126.8, 634, Poland, kt5kmemh
174.26.144.58, 340, Ukraine, j4hpnymb
143.151.241.209, 312, Canada, k87eri4w
64.139.113.173, 213, Ukraine, c0cqcuqb
238.100.48.55, 41, Poland, kz354hai
4.51.58.221, 384, Australia, mo3den5x
134.84.76.103, 735, Canada, qv8szndz
89.248.238.8, 911, USA, i56q2i5f
48.233.160.236, 400, India, c21wgwra
138.143.51.242, 114, Japan, s5cdej5e
163.166.3.89, 823, Ukraine, y6kkdrzo
24.222.157.214, 917, UK, v0fqsk4t
230.40.122.226, 352, Australia, 0flw4dwh
238.174.208.55, 206, Japan, 810q2m92
222.160.183.182, 700, Australia, 1f1m0yih
242.67.25.240, 892, Germany, vdjbcvet
167.30.161.96, 186, France, 8bba883z
79.68.125.105, 807, France, iwx7r20o
209.51.240.156, 82, India, lgzc82qh
16.60.221.238, 352, Poland, 84x92urg
29.109.216.15, 634, USA, ofok21a5
127.197.30.41, 382, Canada, r0c1mfjm
244.129.238.133, 440, India, 2c4ox082
183.112.70.66, 278, UK, auooswct
46.12.174.215, 5, France, qu4bjw3m
52.182.240.254, 168, Australia, k6866eo7
59.245.16.133, 887, USA, bqjhnq7f
57.151.237.170, 46, Japan, 2w53ous0
135.107.75.203, 385, Poland, 9py4wg1i
169.13.47.51, 516, Canada, oyzqmdm7
165.112.213.25, 198, Ukraine, ld2jv1z3
234.151.223.246, 779, Australia, 002ki3k7
60.211.224.252, 780, Japan, wj7hnemh
236.11.8.191, 952, Germany, hau46o1l
18.198.140.139, 827, Germany, eij5jz32
222.198.65.177, 823, Germany, yno3fjrz
9.4.222.131, 74, Germany, wwh6k7a4
18.201.230.200, 514, France, xfv6vhmc
92.166.2.68, 914, Ukraine, n6b21rka
182.215.229.96, 856, India, cei8n16u
93.120.97.27, 923, UK, m2wpiq8a
235.68.185.9, 443, Australia, fev35g2h
140.253.109.198, 474, Poland, iwgzb54u
220.116.125.246, 75, India, d314tshq
62.192.65.142, 763, USA, 1lmlsjki
213.4.195.200, 190, UK, gif6vwf1
170.28.237.66, 319, USA, j8fj78f3
208.183.156.169, 151, Australia, p2e2nzk2
57.128.171.77, 398, Japan, w246splz
15.93.127.113, 844, Japan, nie0dh9m
226.67.246.225, 838, France, gmm4ldl6
216.98.83.163, 74, Japan, 1a40laaw
105.233.26.211, 270, Australia, b5roy99p
131.99.71.95, 479, UK, lg3f165r
65.72.126.6, 121, India, qbu1go3e
223.36.240.97, 823, Australia, hte6zhq3
16.178.54.225, 833, Australia, 7fy1qlca
238.231.226.50, 364, France, ebq9jfpl
82.80.209.4, 604, UK, i8sd8tfe
60.213.63.97, 72, India, bk5fpfvr
206.119.239.96, 228, Canada, omj2bci1
64.39.74.59, 457, UK, xwxdk9n2
240.143.61.164, 79, USA, h3a3lh8t
67.241.246.19, 200, France, zupqyxdl
212.160.218.101, 132, Poland, ihvl2xvg
186.158.203.66, 358, Japan, qi95zxnk
40.189.160.74, 549, UK, 43m6nty7
50.249.216.50, 996, France, hqhjnc7h
156.183.69.237, 438, USA, 1ty4p8ys
237.220.102.69, 843, India, l5i45bem
241.93.180.173, 532, India, a23xrl5e
162.152.226.93, 469, Poland, 89cscy80
229.213.37.123, 587, France, 8fvehfmp
87.15.41.152, 65, Canada, p0tewhy7
74.128.152.12, 643, Canada, ei0ahnf8
103.241.61.19, 918, Ukraine, zhlndaot
127.153.17.11, 589, Australia, ibovnmdr
236.141.143.70, 150, Australia, klx89gb9
215.52.95.146, 15, USA, s51hjcfq
201.240.7.49, 649, France, ohp8hwql
80.47.73.47, 822, India, leupr6y2
129.84.75.247, 706, Australia, kb0r0xt8
210.213.17.194, 252, Poland, ic0l1wyk
178.192.58.84, 280, India, bueu90fw
70.148.155.249, 198, India, 2xnni82n
99.157.40.21, 916, USA, ff8z22q2
43.27.174.251, 888, India, 7cmuw07a
160.154.67.102, 246, USA, foi0t1ya
165.173.22.60, 885, USA, w4d7vifi
231.110.56.133, 59, Japan, c8zb57nq
93.220.152.233, 295, India, bjyxegpl
76.193.236.228, 539, Australia, mqkwc9id
91.183.60.226, 229, Canada, z9b4xcwu
154.3.57.107, 904, Japan, ql2v3ugx
41.141.56.72, 497, Australia, el0xtelo
239.28.46.171, 375, Ukraine, y8tg6uw2
157.128.253.148, 146, USA, 15a8b5vo
103.214.148.246, 976, Ukraine, wymhyblt
177.162.210.113, 898, Australia, huzdr42r
68.190.156.191, 912, India, kcqvl5de
131.240.112.66, 548, India, sp4zxvex
143.238.163.138, 521, Australia, w9hbvow2
152.122.204.100, 586, India, s0z78udq
241.122.76.250, 49, France, 6eg3oe37
229.237.29.83, 269, France, jir64po4
55.100.166.105, 175, Ukraine, 3qc550m2
49.31.31.131, 931, Japan, r7ljzq5v
28.16.232.116, 46, Australia, 35xjg9jj
189.254.53.31, 566, India, 0bokj5cd
73.68.196.121, 385, France, ymmgw8dv
72.83.82.248, 82, Canada, xyrrmqm6
198.220.21.52, 581, India, dmt3y7qq
47.164.117.160, 90, India, tq6op84f
236.42.46.87, 202, India, ppnnfdzp
77.89.173.196, 617, USA, kw6o8xci
100.225.190.138, 799, Australia, ghnclp76
184.127.71.116, 248, USA, umy0sng4
28.250.155.71, 359, Canada, 32y9ee10
156.176.77.25, 193, UK, k3587jav
175.131.182.37, 654, Ukraine, s6d3w46y
107.106.172.215, 327, Australia, bmfxr83y
225.199.71.195, 272, USA, ns8p058c
108.22.45.178, 747, USA, sbgo03qe
207.96.136.105, 419, Australia, 7dwjrxjn
122.107.136.74, 601, Poland, i8iqnrzd
7.221.154.237, 102, France, zw31frvr
174.253.82.133, 124, France, tshjlcym
86.123.188.144, 871, Australia, 2vg0xkin
180.79.114.151, 624, Germany, li00vl6a
191.221.103.204, 344, Poland, q0aymme7
20.40.174.85, 610, Japan, 5vu45yqj
97.24.36.65, 639, Ukraine, qzuisp4d
6.141.146.53, 757, France, l0m67jmo
8.64.108.76, 266, Ukraine, vmjddm60
209.42.104.227, 654, Japan, ih962o05
69.162.49.86, 270, Australia, 1kqd7rjh
110.130.237.144, 934, India, 9dc4us92
76.223.25.137, 785, France, cq0lavp8
169.251.14.250, 537, France, vzveqoe2
62.215.238.2, 552, Australia, dy7enob2
101.244.153.120, 443, Germany, a2gy4983
112.173.88.29, 300, Australia, 571fgwbb
19.140.25.53, 862, Poland, v5eiuuqc
209.248.120.225, 600, Japan, j2qjqcns
220.155.170.22, 443, Ukraine, xflpdxxp
184.49.120.200, 52, Japan, ci2pu0tr
225.205.169.37, 231, Australia, ydsa56zu
151.146.1.225, 507, France, c6dcuxkd
152.162.137.107, 517, UK, 7hlcqnbg
80.38.250.102, 168, Germany, xnrbox80
24.222.157.214, 400, UK, v0fqsk4t
229.237.29.83, 231, France, jir64po4
58.76.106.170, 872, Canada, z89mdjni
14.188.175.195, 454, USA, c1bgth5m
78.204.118.227, 948, UK, 12ps9w7u
81.155.89.189, 610, Australia, xvwwijvu
238.100.48.55, 33, Poland, kz354hai
225.236.116.61, 639, UK, mee91hts
200.197.61.196, 495, France, ulfpxykx
9.166.132.164, 87, UK, ymb9kpal
39.177.138.164, 509, USA, 796bbrsh
227.23.207.150, 64, France, 4lcdvtyq
242.98.204.70, 945, Ukraine, p5tt9bss
110.204.225.179, 545, France, rnd8xer7
116.90.137.228, 189, Ukraine, 7n7l07jn
48.54.1.29, 386, Ukraine, 99bcf1f3
105.156.237.1, 399, Australia, z2u2cijr
153.153.39.72, 133, Germany, up21ens7
228.151.193.104, 745, Canada, gjc0hhb9
80.47.73.47, 992, India, leupr6y2
6.141.146.53, 817, France, l0m67jmo
58.76.106.170, 759, Canada, z89mdjni
250.140.30.107, 29, France, ddtftaho
110.204.225.179, 907, France, rnd8xer7
237.243.47.54, 248, USA, c1otry1m
101.232.212.162, 896, India, bly2toeh
141.107.182.29, 89, Japan, wn425j6x
222.24.234.233, 692, France, pa5nul5t
100.70.238.100, 402, Ukraine, 1fayhdo1
74.128.152.12, 812, Canada, ei0ahnf8
240.240.7.246, 368, Japan, tsun4le0
26.36.86.216, 422, USA, gl8xm9nf
121.181.191.62, 729, UK, aosex6vs
151.49.205.78, 848, Ukraine, a0m4a091
135.107.75.203, 10, Poland, 9py4wg1i
253.218.153.15, 81, Germany, dfgjn9ai
142.81.52.174, 174, Ukraine, 5rvinf9e
16.60.221.238, 838, Poland, 84x92urg
218.127.167.18, 254, India, 2lelwndv
39.16.87.141, 537, India, vicjdnv4
235.152.8.48, 318, Japan, 7i4n2fb7
173.233.149.138, 695, UK, v2nmub7a
17.222.213.21, 999, Canada, 1ahl3gkk
240.228.133.190, 663, France, o9z0jeav
191.203.68.75, 114, Canada, qhv9voqs
89.248.238.8, 895, USA, i56q2i5f
31.17.71.65, 64, Canada, 1kns95n9
76.193.236.228, 262, Australia, mqkwc9id
11.222.249.61, 840, Australia, vp8jh4f8
219.9.17.122, 76, Japan, 1qcp8t2z
41.30.8.9, 288, Australia, 7wlafiu1
121.58.151.12, 771, Ukraine, 5zd5d818
208.183.156.169, 10, Australia, p2e2nzk2
40.189.160.74, 615, UK, 43m6nty7
153.153.39.72, 349, Germany, up21ens7
18.198.140.139, 291, Germany, eij5jz32
26.36.86.216, 395, USA, gl8xm9nf
154.3.57.107, 841, Japan, ql2v3ugx
64.139.113.173, 601, Ukraine, c0cqcuqb
99.204.25.203, 15, Germany, bp54z5by
58.76.106.170, 303, Canada, z89mdjni
143.151.241.209, 134, Canada, k87eri4w
167.15.136.205, 552, India, 15cbhdjj
86.219.222.71, 238, UK, 8r2bbf6d
93.120.97.27, 651, UK, m2wpiq8a
42.212.25.26, 487, Poland, qb9a39nz
151.49.205.78, 141, Ukraine, a0m4a091
163.194.24.73, 766, Ukraine, sjbz5v7u
39.177.138.164, 834, USA, 796bbrsh
45.192.197.117, 603, Australia, fjvkoca5
98.105.98.11, 217, Australia, 6nusjkev
213.4.195.200, 642, UK, gif6vwf1
105.233.26.211, 977, Australia, b5roy99p
83.70.129.71, 4, France, nkbpotcp
138.39.190.237, 851, Poland, z2fr6vqz
166.90.198.34, 456, India, 5mg6zz6u
93.171.107.17, 274, Poland, 53nhpc0y
163.71.13.245, 600, UK, f4owuvis
1.55.152.241, 600, Ukraine, vnvv13sb
115.69.130.117, 981, UK, wqm7tyhz
71.193.79.253, 104, UK, 76g2wkd3
18.198.140.139, 830, Germany, eij5jz32
6.244.201.199, 826, Ukraine, lrlt9crp
214.225.245.8, 196, India, 3kqd79xz
76.193.236.228, 108, Australia, mqkwc9id
27.42.118.103, 245, Japan, hhugffmx
31.24.124.175, 447, Japan, mfiyq1ho
4.51.58.221, 236, Australia, mo3den5x
220.199.84.201, 277, UK, ge9o0cha
97.24.36.65, 232, Ukraine, qzuisp4d
91.86.161.91, 74, France, i9cspjau
80.38.250.102, 661, Germany, xnrbox80
157.128.253.148, 803, USA, 15a8b5vo
36.206.177.248, 877, Australia, 3londc6z
39.177.138.164, 747, USA, 796bbrsh
2.252.72.16, 865, Canada, 4699u4h3
2.138.240.31, 184, Ukraine, f8e12p4y
163.71.13.245, 268, UK, f4owuvis
143.165.145.49, 724, UK, s6ibrjj1
153.153.39.72, 255, Germany, up21ens7
86.153.42.91, 900, UK, n5is81pq
24.8.83.209, 608, India, tbcf1vtt
188.168.192.115, 619, Japan, osebbvt6
189.254.53.31, 590, India, 0bokj5cd
43.27.174.251, 985, India, 7cmuw07a
241.112.142.73, 545, France, 6gk86b03
1.101.159.2, 929, Ukraine, t514mvlj
169.42.159.154, 569, Australia, xtwqkoua
5.27.147.71, 168, USA, 3nv4edy0
5.27.147.71, 781, USA, 3nv4edy0
121.181.191.62, 352, UK, aosex6vs
64.29.109.146, 980, Germany, 8f2djnah
168.143.109.201, 825, Ukraine, dox3450l
243.114.199.229, 998, USA, nd097vnm
244.129.238.133, 720, India, 2c4ox082
155.221.180.161, 47, Poland, 0594qcko
34.7.21.99, 618, Germany, ji8d2enx
204.105.213.194, 789, India, 2qaklvbi
55.100.166.105, 173, Ukraine, 3qc550m2
108.65.119.134, 770, India, 8jj9c5ke
254.150.113.196, 289, Australia, w09dies5
154.3.57.107, 997, Japan, ql2v3ugx
188.55.133.231, 665, Ukraine, btx4dusj
238.100.48.55, 222, Poland, kz354hai
2.138.240.31, 177, Ukraine, f8e12p4y
6.244.201.199, 969, Ukraine, lrlt9crp
18.167.243.234, 560, USA, j9bmqpgd
239.216.53.53, 359, USA, b9ebwmms
14.188.175.195, 844, USA, c1bgth5m
65.207.158.44, 369, Germany, elz6cjg5
9.185.62.197, 776, India, bi71demu
184.127.71.116, 503, USA, umy0sng4
131.99.71.95, 542, UK, lg3f165r
160.34.200.101, 374, Poland, mpt0zku4
234.238.205.62, 44, Canada, 3wafmf4y
22.157.190.108, 672, Ukraine, 1xjeljac
62.19.208.24, 72, Germany, unkj16jv
242.69.81.27, 823, India, 08gx6dvr
222.238.170.112, 202, Japan, 7snsxgau
62.192.65.142, 694, USA, 1lmlsjki
199.9.166.12, 750, Germany, skzjxgjy
98.121.201.14, 362, France, 5biray1e
169.58.208.148, 201, India, x6x8c5v0
52.244.2.209, 953, Germany, 3a8yge9y
115.128.255.92, 544, India, 04kegfec
143.165.145.49, 211, UK, s6ibrjj1
80.47.73.47, 266, India, leupr6y2
82.80.209.4, 39, UK, i8sd8tfe
59.245.16.133, 934, USA, bqjhnq7f
233.75.221.144, 53, Ukraine, aelw7v5h
92.166.2.68, 731, Ukraine, n6b21rka
64.39.74.59, 748, UK, xwxdk9n2
248.146.80.57, 757, France, sfknzhsp
253.218.153.15, 311, Germany, dfgjn9ai
1.101.159.2, 188, Ukraine, t514mvlj
1.55.152.241, 736, Ukraine, vnvv13sb
77.236.251.130, 567, Poland, m6f86wmy
253.176.17.66, 860, Ukraine, fjfyqotm
212.160.218.101, 234, Poland, ihvl2xvg
171.108.210.191, 929, Poland, s6oru3r6
139.215.188.244, 478, UK, kigk4zxw
226.67.246.225, 324, France, gmm4ldl6
20.40.174.85, 429, Japan, 5vu45yqj
207.83.203.227, 573, Poland, 9fnnn53b
64.29.109.146, 838, Germany, 8f2djnah
87.15.41.152, 721, Canada, p0tewhy7
209.51.240.156, 751, India, lgzc82qh
229.213.37.123, 591, France, 8fvehfmp
121.58.151.12, 22, Ukraine, 5zd5d818
9.185.62.197, 764, India, bi71demu
240.183.198.145, 8, USA, a3esnqq9
91.183.60.226, 789, Canada, z9b4xcwu
170.236.75.69, 615, Poland, q5d2vs4o
37.22.232.53, 536, France, ic0fiqwc
93.132.72.254, 707, Germany, 3bvi1irb
180.73.91.3, 335, Japan, tn8fl2ix
18.167.243.234, 72, USA, j9bmqpgd
211.233.240.83, 394, Poland, hb8aqa3n
74.53.51.201, 285, France, 09lydqn4
103.214.148.246, 707, Ukraine, wymhyblt
33.238.19.126, 491, France, qgsvwyer
151.146.1.225, 159, France, c6dcuxkd
135.107.75.203, 757, Poland, 9py4wg1i
169.206.3.7, 813, Japan, pj4xxcy8
8.64.108.76, 554, Ukraine, vmjddm60
107.106.172.215, 846, Australia, bmfxr83y
7.221.154.237, 872, France, zw31frvr
103.241.61.19, 271, Ukraine, zhlndaot
82.80.209.4, 388, UK, i8sd8tfe
51.227.142.245, 595, India, qhs0v9rq
182.42.177.17, 322, France, fkg3fo1y
220.109.124.64, 392, Poland, 03hgdsfr
115.69.130.117, 177, UK, wqm7tyhz
253.176.17.66, 758, Ukraine, fjfyqotm
204.105.213.194, 558, India, 2qaklvbi
180.238.39.185, 393, UK, veubdhzh
77.236.251.130, 398, Poland, m6f86wmy
151.168.147.103, 361, UK, dxjardta
109.124.75.230, 272, Ukraine, a92x9wgi
67.184.62.6, 774, Poland, tum47sz1
253.176.17.66, 511, Ukraine, fjfyqotm
151.146.1.225, 833, France, c6dcuxkd
200.219.101.249, 31, UK, 3ja2zj5c
155.221.180.161, 235, Poland, 0594qcko
108.22.45.178, 194, USA, sbgo03qe
175.131.182.37, 782, Ukraine, s6d3w46y
28.250.155.71, 112, Canada, 32y9ee10
250.152.134.116, 466, France, vzz80xub
200.157.127.109, 91, Canada, vea20xwo
239.28.46.171, 53, Ukraine, y8tg6uw2
20.40.174.85, 299, Japan, 5vu45yqj
213.51.75.226, 474, Australia, fpqxnsst
11.222.249.61, 659, Australia, vp8jh4f8
121.157.144.254, 828, Japan, jsasq65j
64.39.74.59, 191, UK, xwxdk9n2
186.106.231.178, 844, Ukraine, 0i3xk02n
65.207.158.44, 699, Germany, elz6cjg5
169.13.47.51, 65, Canada, oyzqmdm7
252.133.56.62, 323, India, 7q691zh4
209.51.240.156, 340, India, lgzc82qh
122.46.65.13, 735, Australia, cr7oi70d
225.11.201.193, 493, Poland, u4x2taoj
208.183.156.169, 536, Australia, p2e2nzk2
70.148.155.249, 89, India, 2xnni82n
130.195.193.127, 969, India, 0ma8prdg
165.112.213.25, 986, Ukraine, ld2jv1z3
190.49.240.253, 831, Australia, g5kp3xlu
182.42.177.17, 791, France, fkg3fo1y
203.131.58.69, 591, Australia, 8d9ptii8
120.176.119.233, 640, UK, 3gqns0y3
130.1.180.80, 170, Germany, gv1r696q
169.251.14.250, 856, France, vzveqoe2
122.107.136.74, 122, Poland, i8iqnrzd
163.137.124.157, 461, Australia, joz1r7vx
2.138.240.31, 318, Ukraine, f8e12p4y
142.81.52.174, 228, Ukraine, 5rvinf9e
140.253.109.198, 716, Poland, iwgzb54u
116.90.137.228, 676, Ukraine, 7n7l07jn
242.69.81.27, 115, India, 08gx6dvr
243.60.132.62, 569, India, og8v5nyp
57.128.171.77, 157, Japan, w246splz
216.98.83.163, 275, Japan, 1a40laaw
200.197.61.196, 553, France, ulfpxykx
213.4.195.200, 721, UK, gif6vwf1
210.53.214.171, 992, Germany, q3dhwry6
240.228.133.190, 415, France, o9z0jeav
242.98.204.70, 234, Ukraine, p5tt9bss
180.73.91.3, 159, Japan, tn8fl2ix
19.140.25.53, 971, Poland, v5eiuuqc
138.143.51.242, 840, Japan, s5cdej5e
16.60.221.238, 451, Poland, 84x92urg
63.222.73.252, 535, Poland, lk7vdhpe
20.40.174.85, 218, Japan, 5vu45yqj
252.133.56.62, 19, India, 7q691zh4
210.213.17.194, 198, Poland, ic0l1wyk
73.68.196.121, 139, France, ymmgw8dv
104.166.158.215, 381, Poland, bp9uxr42
67.241.246.19, 614, France, zupqyxdl
2.252.72.16, 708, Canada, 4699u4h3
39.122.25.132, 584, Canada, 4j8iiyx9
6.141.146.53, 334, France, l0m67jmo
209.171.28.250, 323, USA, ixnrds2v
204.25.242.182, 400, USA, bp720unv
60.213.63.97, 953, India, bk5fpfvr
130.195.193.127, 840, India, 0ma8prdg
169.58.208.148, 221, India, x6x8c5v0
250.152.134.116, 819, France, vzz80xub
65.72.126.6, 61, India, qbu1go3e
187.110.210.110, 336, France, qtzzmrww
208.171.217.162, 792, Germany, t1i8sd77
234.151.223.246, 919, Australia, 002ki3k7
29.109.216.15, 832, USA, ofok21a5
107.106.172.215, 209, Australia, bmfxr83y
74.128.152.12, 539, Canada, ei0ahnf8
141.107.182.29, 631, Japan, wn425j6x
115.69.130.117, 144, UK, wqm7tyhz
34.177.11.129, 63, USA, 1gvzce2k
200.157.127.109, 235, Canada, vea20xwo
9.166.132.164, 751, UK, ymb9kpal
238.100.48.55, 686, Poland, kz354hai
239.216.53.53, 484, USA, b9ebwmms
166.52.111.149, 985, Ukraine, 1e9jcx7t
131.99.71.95, 908, UK, lg3f165r
151.146.1.225, 317, France, c6dcuxkd
243.114.199.229, 330, USA, nd097vnm
219.9.17.122, 535, Japan, 1qcp8t2z
89.86.244.152, 588, Poland, 3zeqaim0
70.148.155.249, 644, India, 2xnni82n
41.241.170.183, 95, UK, krwut9g7
191.221.103.204, 390, Poland, q0aymme7
81.155.89.189, 853, Australia, xvwwijvu
140.253.109.198, 690, Poland, iwgzb54u
211.233.240.83, 437, Poland, hb8aqa3n
213.4.195.200, 125, UK, gif6vwf1
223.36.240.97, 332, Australia, hte6zhq3
228.4.4.222, 126, France, ev1smgei
93.120.97.27, 255, UK, m2wpiq8a
209.248.120.225, 652, Japan, j2qjqcns
62.5.43.93, 950, Japan, kbpvk7al
169.58.208.148, 504, India, x6x8c5v0
155.221.180.161, 28, Poland, 0594qcko
153.133.246.200, 974, India, 43rafcsh
8.231.75.36, 251, Australia, kr176i0c
68.26.102.98, 749, India, eceozsx7
50.140.107.244, 272, France, ttit56ds
209.42.104.227, 346, Japan, ih962o05
85.124.49.90, 93, Poland, wvgh2pf6
98.113.217.22, 615, India, f4yltylx
200.75.244.157, 108, Germany, 1idcc3p7
31.17.71.65, 998, Canada, 1kns95n9
191.203.68.75, 193, Canada, qhv9voqs
169.208.211.239, 672, Canada, 0henff3t
78.204.118.227, 618, UK, 12ps9w7u
93.132.72.254, 306, Germany, 3bvi1irb
77.185.92.106, 561, Japan, dqdnm7t2
76.223.25.137, 753, France, cq0lavp8
70.148.155.249, 678, India, 2xnni82n
121.58.151.12, 228, Ukraine, 5zd5d818
250.152.134.116, 88, France, vzz80xub
85.193.216.45, 59, Ukraine, g4mg0fo2
115.128.255.92, 729, India, 04kegfec
23.153.25.161, 212, USA, uyyb21xg
182.215.229.96, 179, India, cei8n16u
22.157.190.108, 783, Ukraine, 1xjeljac
110.55.41.224, 304, Poland, up9oqumk
242.69.81.27, 521, India, 08gx6dvr
97.100.15.239, 927, Germany, qjr0rcbz
71.193.79.253, 394, UK, 76g2wkd3
209.51.240.156, 176, India, lgzc82qh
169.208.211.239, 982, Canada, 0henff3t
236.11.8.191, 603, Germany, hau46o1l
210.53.214.171, 137, Germany, q3dhwry6
177.162.210.113, 134, Australia, huzdr42r
182.215.229.96, 170, India, cei8n16u
186.158.203.66, 425, Japan, qi95zxnk
104.166.158.215, 971, Poland, bp9uxr42
20.40.174.85, 154, Japan, 5vu45yqj
52.182.240.254, 84, Australia, k6866eo7
53.74.198.20, 726, UK, 0glnbz5z
6.141.146.53, 509, France, l0m67jmo
57.151.237.170, 247, Japan, 2w53ous0
253.218.153.15, 632, Germany, dfgjn9ai
80.119.15.185, 796, Poland, g4xsad35
224.69.125.62, 498, UK, gdv4qqy6
238.174.208.55, 820, Japan, 810q2m92
156.176.77.25, 157, UK, k3587jav
52.72.76.158, 461, UK, 65w0ailq
236.141.143.70, 853, Australia, klx89gb9
52.47.61.133, 488, Canada, h36zp42z
186.158.203.66, 807, Japan, qi95zxnk
109.124.75.230, 438, Ukraine, a92x9wgi
68.190.156.191, 292, India, kcqvl5de
31.17.71.65, 551, Canada, 1kns95n9
55.100.166.105, 376, Ukraine, 3qc550m2
65.72.126.6, 462, India, qbu1go3e
71.109.61.72, 580, France, uu0px6u7
152.162.137.107, 798, UK, 7hlcqnbg
60.213.63.97, 886, India, bk5fpfvr
9.4.222.131, 932, Germany, wwh6k7a4
214.230.76.12, 984, UK, u4m0x56n
28.222.195.253, 236, Australia, 3ipnarlz
243.150.238.38, 522, France, 5158bhsu
101.232.212.162, 780, India, bly2toeh
37.22.232.53, 14, France, ic0fiqwc
89.86.244.152, 62, Poland, 3zeqaim0
130.1.180.80, 996, Germany, gv1r696q
206.44.121.247, 586, France, oruu2zqi
200.219.101.249, 102, UK, 3ja2zj5c
213.51.75.226, 71, Australia, fpqxnsst
229.237.29.83, 202, France, jir64po4
68.149.184.40, 335, Australia, daqp11tz
224.142.183.76, 50, Germany, lx8ok4qj
225.199.71.195, 645, USA, ns8p058c
34.177.11.129, 643, USA, 1gvzce2k
180.85.47.2, 782, France, q7anj3vg
82.80.209.4, 839, UK, i8sd8tfe
76.193.236.228, 360, Australia, mqkwc9id
23.110.71.158, 99, Ukraine, s4r72esw
135.92.225.119, 757, India, v5yjq8uv
163.194.24.73, 455, Ukraine, sjbz5v7u
200.197.61.196, 698, France, ulfpxykx
227.23.207.150, 567, France, 4lcdvtyq
24.222.157.214, 565, UK, v0fqsk4t
48.54.1.29, 872, Ukraine, 99bcf1f3
243.114.199.229, 816, USA, nd097vnm
101.244.153.120, 925, Germany, a2gy4983
70.196.122.74, 820, Canada, ef2fcj2q
68.190.156.191, 395, India, kcqvl5de
213.4.195.200, 437, UK, gif6vwf1
240.143.61.164, 106, USA, h3a3lh8t
225.11.201.193, 934, Poland, u4x2taoj
178.192.58.84, 418, India, bueu90fw
4.51.58.221, 12, Australia, mo3den5x
59.194.88.10, 480, Canada, zng2sckg
46.208.59.239, 812, Australia, t33rxxsy
36.110.86.48, 74, USA, 7rwckjmq
126.49.251.14, 846, Australia, 768518sm
97.100.15.239, 240, Germany, qjr0rcbz
99.175.4.229, 366, Japan, fxb8grlt
37.22.232.53, 361, France, ic0fiqwc
67.241.246.19, 293, France, zupqyxdl
107.106.172.215, 456, Australia, bmfxr83y
100.225.190.138, 356, Australia, ghnclp76
120.176.119.233, 420, UK, 3gqns0y3
222.238.170.112, 111, Japan, 7snsxgau
157.128.253.148, 28, USA, 15a8b5vo
236.141.143.70, 177, Australia, klx89gb9
153.165.213.211, 675, Germany, 601tro4q
64.29.185.161, 14, UK, ctu2mdh7
127.197.30.41, 125, Canada, r0c1mfjm
226.67.246.225, 276, France, gmm4ldl6
26.36.86.216, 912, USA, gl8xm9nf
254.150.113.196, 750, Australia, w09dies5
207.17.220.158, 597, UK, g56gye3f
209.171.28.250, 733, USA, ixnrds2v
31.17.71.65, 353, Canada, 1kns95n9
67.184.62.6, 195, Poland, tum47sz1
210.53.214.171, 45, Germany, q3dhwry6
107.228.206.64, 694, France, xqnbhjjx
215.63.150.249, 724, Canada, l606oa0y
60.211.224.252, 423, Japan, wj7hnemh
103.214.148.246, 29, Ukraine, wymhyblt
15.93.127.113, 904, Japan, nie0dh9m
126.49.251.14, 58, Australia, 768518sm
14.91.203.165, 65, Germany, stvz963s
215.52.95.146, 400, USA, s51hjcfq
107.228.206.64, 233, France, xqnbhjjx
77.185.92.106, 169, Japan, dqdnm7t2
35.125.173.187, 995, France, t2qcetby
86.123.188.144, 980, Australia, 2vg0xkin
17.241.96.188, 769, France, 51ryru3h
74.20.212.43, 298, Ukraine, tz1e4pgr
108.22.45.178, 638, USA, sbgo03qe
220.109.124.64, 813, Poland, 03hgdsfr
186.115.227.202, 743, Ukraine, pb37on21
115.69.130.117, 484, UK, wqm7tyhz
239.28.46.171, 57, Ukraine, y8tg6uw2
85.196.91.37, 476, Australia, 7a44lt57
14.91.203.165, 749, Germany, stvz963s
138.143.51.242, 491, Japan, s5cdej5e
41.30.8.9, 373, Australia, 7wlafiu1
107.228.206.64, 698, France, xqnbhjjx
209.42.104.227, 168, Japan, ih962o05
89.86.244.152, 526, Poland, 3zeqaim0
229.237.29.83, 535, France, jir64po4
64.29.109.146, 59, Germany, 8f2djnah
14.188.175.195, 832, USA, c1bgth5m
225.236.116.61, 816, UK, mee91hts
26.36.86.216, 917, USA, gl8xm9nf
179.24.242.228, 839, UK, ts99kg8q
38.151.43.119, 853, Australia, d6dr6ala
133.109.211.70, 880, Canada, w4md8u0z
154.3.57.107, 160, Japan, ql2v3ugx
139.215.188.244, 748, UK, kigk4zxw
117.223.244.209, 554, India, p8fagckj
191.203.68.75, 261, Canada, qhv9voqs
135.92.225.119, 648, India, v5yjq8uv
228.4.4.222, 445, France, ev1smgei
220.116.125.246, 403, India, d314tshq
215.144.128.196, 889, Japan, uwqrzumg
203.131.58.69, 452, Australia, 8d9ptii8
182.215.229.96, 233, India, cei8n16u
100.225.190.138, 66, Australia, ghnclp76
51.227.142.245, 706, India, qhs0v9rq
183.112.70.66, 806, UK, auooswct
186.106.231.178, 810, Ukraine, 0i3xk02n
240.143.61.164, 869, USA, h3a3lh8t
133.109.211.70, 96, Canada, w4md8u0z
136.192.114.75, 416, Poland, ln6pulil
254.150.113.196, 868, Australia, w09dies5
153.153.39.72, 240, Germany, up21ens7
138.39.190.237, 542, Poland, z2fr6vqz
228.4.4.222, 359, France, ev1smgei
39.16.87.141, 575, India, vicjdnv4
71.193.79.253, 657, UK, 76g2wkd3
200.197.61.196, 220, France, ulfpxykx
60.213.63.97, 156, India, bk5fpfvr
62.19.208.24, 870, Germany, unkj16jv
212.59.154.75, 340, Ukraine, fsgtt0wp
210.106.114.170, 357, Germany, qcxcvunl
214.224.135.130, 845, UK, h85nwd0j
1.55.152.241, 206, Ukraine, vnvv13sb
122.217.119.61, 443, Japan, ibpt8l0c
76.193.236.228, 940, Australia, mqkwc9id
64.139.113.173, 424, Ukraine, c0cqcuqb
243.85.130.171, 728, India, gmd4pqq8
109.7.136.56, 283, USA, 8xcpqk3l
179.24.242.228, 532, UK, ts99kg8q
97.100.15.239, 800, Germany, qjr0rcbz
237.220.102.69, 459, India, l5i45bem
213.4.195.200, 585, UK, gif6vwf1
223.36.240.97, 328, Australia, hte6zhq3
252.238.60.39, 703, UK, s5yg495l
238.100.48.55, 150, Poland, kz354hai
93.88.83.84, 413, UK, 7r1xiui3
203.108.158.241, 607, Japan, i43gvsso
138.143.51.242, 908, Japan, s5cdej5e
254.205.19.237, 149, Germany, sz7ltdp9
236.42.46.87, 393, India, ppnnfdzp
164.246.230.59, 878, Ukraine, fit7bpfg
